metric,value
accuracy,0.5759791122715404
cv_mean,0.5760741882726524
cv_std,0.00020784428936024743
