metric,value
accuracy,0.574934725848564
cv_mean,0.5803835613167727
cv_std,0.0029337167511859627
