モデル,CVスコア,テスト精度
LightGBM,0.5780329244354704,0.581201044386423
SVM,0.5760741882726524,0.5759791122715404
Random Forest,0.5803835613167727,0.574934725848564
