metric,value
accuracy,0.57911227154047
cv_mean,0.5775106459540259
cv_std,0.0022063507744962837
